Vehicle Make,Vehicle Model,Vehicle Model Year,MPG
TESLA,3,2025,95
PRECISION,3 SEATER,2017,10
IC,3000 SERIES,2013,12
BMW,5 S,2024,25
COASTER,5 SEATER,2011,23
BMW,530E,2019,27
BMW,530I,2023,27
BMW,530I,2019,27
BMW,530I,2022,28
BMW,530I,2024,28
BMW,530IX,2021,24
BMW,530XI,2018,23
BMW,530XI,2023,24
BMW,530XI,2024,28
BMW,540I,2021,27
PRECISION,6 SEATER,2016,14
PRECISION,6 SEATER,2018,14
PRECISION,6 SEATER,2020,14
MAZDA,6 TOURING PLUS,2016,28
BMW,740 I,2020,24
BMW,740 I,2022,25
BMW,740 I,2021,25
BMW,740 I,2024,25
BMW,740 I,2019,25
BMW,750 I,2021,19
BMW,750 I,2020,20
BMW,750 I,2022,21
BMW,750 I,2019,22
BMW,750 I,2023,23
FORD,750LI,2011,11
BMW,750LI,2023,25
FORD,750XI,2011,12
BMW,750XI,2017,21
BMW,760I,2024,22
AUDI,A6,2021,26
AUDI,A6,2022,26
AUDI,A6,2017,26
AUDI,A6,2020,26
AUDI,A6,2019,28
AUDI,A8,2019,20
AUDI,A8,2021,21
AUDI,A8,2023,21
AUDI,A8,2022,21
AUDI,A8 L,2022,21
GMC,ACADIA,2024,19
HONDA,ACCORD,2017,26
HONDA,ACCORD,2020,26
HONDA,ACCORD,2012,26
HONDA,ACCORD,2023,26
HONDA,ACCORD,2024,26
LUCID,AIR PURE,2025,111
LUCID,AIR TOURING,2023,101
NISSAN,ALTIMA,2015,17
NISSAN,ALTIMA,2011,24
NISSAN,ALTIMA,2010,27
NISSAN,ALTIMA,2014,27
NISSAN,ALTIMA,2013,27
NISSAN,ALTIMA,2016,27
NISSAN,ALTIMA,2012,27
NISSAN,ALTIMA,2025,28
NISSAN,ALTIMA,2017,31
FORD,AMBULANCE,2012,12
DODGE,AMBULANCE,2016,14
FORD,AMBULANCE,2001,14
FORD,AMBULANCE,2006,14
FORD,AMBULANCE,1999,14
VOLKSWAGEN,ATLAS,2020,25
CHEVROLET,AVALANCHE K1500 LT,2011,15
TOYOTA,AVALON,2016,25
TOYOTA,AVALON,2014,28
LAND ROVER,AVIATOR,2023,18
LINCOLN,AVIATOR,2022,18
LINCOLN,AVIATOR,2023,18
LINCOLN,AVIATOR,2025,18
LINCOLN,AVIATOR,2021,18
LINCOLN,AVIATOR,2024,18
LINCOLN,AVIATOR,2017,18
LINCOLN,AVIATOR,2020,18
LINCOLN,AVIATOR,2026,18
MERCEDES,BENZ,2011,18
MERCEDES,BENZ,2019,19
MERCEDES,BENZ,2013,19
MERCEDES,BENZ,2020,19
MERCEDES,BENZ,2022,19
MERCEDES,BENZ,2023,19
MERCEDES,BENZ,2015,19
MERCEDES,BENZ,2014,19
MERCEDES,BENZ,2018,19
MERCEDES,BENZ,2021,19
MERCEDES,BENZ,2017,19
CHEVROLET,BRAUN,2008,12
TOYOTA,BZ4X,2023,115
MERCEDES,C300,2017,25
INTL,C5500,2007,10
CHEVROLET,C5500,2008,11
CHEVROLET,C5500,2007,11
GMC,C5500,2007,11
GMC,C5500,2008,11
GMC,C5500,2004,11
GMC,C5500,2006,11
TOYOTA,CAMRY,2017,18
TOYOTA,CAMRY,2012,24
TOYOTA,CAMRY,2011,24
TOYOTA,CAMRY,2013,28
TOYOTA,CAMRY,2014,28
TOYOTA,CAMRY,2016,28
TOYOTA,CAMRY,2025,28
TOYOTA,CAMRY,2019,28
TOYOTA,CAMRY,2020,28
TOYOTA,CAMRY,2021,28
TOYOTA,CAMRY,2024,28
TOYOTA,CAMRY,2023,28
TOYOTA,CAMRY,2009,28
TOYOTA,CAMRY,2026,28
TOYOTA,CAMRY,2015,29
TOYOTA,CAMRY,2018,32
TOYOTA,CAMRY,2022,32
TOYOTA,CAMRY,2010,36
FORD,CAPRICE,2007,14
DODGE,CARAVAN,2003,11
DODGE,CARAVAN,2009,12
DODGE,CARAVAN,2018,14
DODGE,CARAVAN,2011,18
DODGE,CARAVAN,2010,18.6
DODGE,CARAVAN,2016,19
DODGE,CARAVAN,2005,19
DODGE,CARAVAN,2012,19
Dodge,CARAVAN,2007,19
DODGE,CARAVAN,2015,19.5
DODGE,CARAVAN,2014,20
DODGE,CARAVAN,2017,20
DODGE,CARAVAN,2019,20
DODGE,CARAVAN,2020,20.5
DODGE,CARAVAN,2007,21.5
DODGE,CARAVAN,2008,21.5
DODGE,CARAVAN,2006,22.5
DODGE,CARAVAN,2013,30
KIA,CARNIVAL,2024,22
KIA,CARNIVAL,2023,22
INTL,CARRYALL,1997,10
CHEVROLET,CARRYALL,1996,11
FORD,CARRYALL,2009,11
FORD,CARRYALL,2010,11
FORD,CARRYALL,2008,11
FORD,CARRYALL,2006,11
ISUZU,CARRYALL,1986,11
CHEVROLET,CG33503,2009,16
CHEVROLET,CG33503,2008,17
FORD,CHASSIS,2011,12
INTL,C-MAX,2013,10
INTL,C-MAX,2012,10
FORD,C-MAX,2017,17
LINCOLN,C-MAX,2023,20
FORD,C-MAX,2013,23
FORD,C-MAX,2014,23
FORD,C-MAX,2015,23
JEEP,COMPASS,2012,18
FORD,CONCORDE,2018,21
LINCOLN,CONTINENTAL,2020,18
LINCOLN,CONTINENTAL,2018,18
LINCOLN,CONTINENTAL,2017,18
LINCOLN,CONTINENTAL,2019,18
TOYOTA,COROLLA,2022,27
TOYOTA,COROLLA,2019,28
TOYOTA,COROLLA,2021,28
TOYOTA,COROLLA,2015,30
TOYOTA,COROLLA,2018,30
TOYOTA,COROLLA,2020,30
TOYOTA,COROLLA,2016,30
TOYOTA,COROLLA,2025,30
TOYOTA,COROLLA,2017,30
TOYOTA,COROLLA,2023,30
TOYOTA,COROLLA,2013,30
TOYOTA,COROLLA,2024,30
TOYOTA,COROLLA,2014,30
LEYLAND,CORSAIR,2022,18
LINCOLN,CORSAIR,2023,21
LINCOLN,CORSAIR,2024,21
LINCOLN,CORSAIR,2021,21
LINCOLN,CORSAIR,2020,22
LINCOLN,CORSAIR,2026,22
LINCOLN,CORSAIR,2025,25
LINCOLN,CORSAIR,2022,25
LINCOLN,CORSAIR GRAND TOURING,2025,22
LINCOLN,CORSAIR GRAND TOURING,2023,22
TOYOTA,CROWN,2024,28
FORD,CROWN VICTORIA,2011,15
FORD,CROWN VICTORIA,2008,15
FORD,CROWN VICTORIA,2009,15
FORD,CROWN VICTORIA,2006,15
FORD,CROWN VICTORIA,2010,15
HONDA,CRV,2013,23
HONDA,CRV,2016,23
HONDA,CRV,2014,23
HONDA,CRV,2024,25
HONDA,CRV,2022,25
HONDA,CRV,2021,25
HONDA,CRV,2023,25
HONDA,CRV,2020,25
HONDA,CRV,2019,25
HONDA,CRV,2018,25
HONDA,CRV,2025,26
HONDA,CRV,2026,26
CUSTOM,CSM STYLE,2012,18
CUSTOM,CSM STYLE,2018,19
CADILLAC,CT6,2018,21.5
CADILLAC,CT6,2020,21.5
CADILLAC,CT6,2019,22
CADILLAC,CT6,2016,25
CADILLAC,CTS,2019,22.7
MAZDA,CX5,2014,26
MAZDA,CX5,2020,27
FORD,E150,2007,11
FORD,E150,2009,14
FORD,E150,2008,15
FORD,E150,2013,15
FORD,E150,2010,16
FORD,E150,2012,16
FORD,E150,2006,16
FORD,E150,2011,16
FORD,E150,2014,16
FORD,E250,2010,11
FORD,E250,2007,11.5
FORD,E250,2003,12
FORD,E250,2005,13
FORD,E250,2011,13
FORD,E250,2008,13
FORD,E250,2006,13
FORD,E250,2023,13
FORD,E250,2016,13
FORD,E250,2004,13
FORD,E250,2009,13
FORD,E250,2014,13
FORD,E250,2015,13
MERCEDES,E250,2016,28
MERCEDES,E300,2018,23
MERCEDES,E300,2019,25
FORD,E350,1997,10
FORD,E350,2014,11
FORD,E350,2022,11
FORD,E350,2025,11
FORD,E350,2018,11
FORD,E350,2021,11
FORD,E350,2001,11
FORD,E350,2017,11
FORD,E350,2023,11
FORD,E350,1995,11
FORD,E350,2019,11
FORD,E350,2024,11
FORD,E350,2008,12
FORD,E350,2010,12
FORD,E350,2013,12
FORD,E350,2007,12
FORD,E350,2002,12
FORD,E350,2011,12
FORD,E350,2009,12
FORD,E350,2003,12
FORD,E350,2012,12
FORD,E350,2000,12
CHEVROLET,E350,2008,13
FORD,E350,2004,13
FORD,E350,2015,13
FORD,E350,2005,13
FORD,E350,2016,14
FORD,E350,2006,14
MERCEDES,E350,2020,26
MERCEDES,E350,2022,26
MERCEDES,E350,2024,26
MERCEDES,E350,2023,26
FORD,E450,2004,10
FORD,E450,2021,10
FORD,E450,2007,11
FORD,E450,2024,11
FORD,E450,2015,12
FORD,E450,2016,12
FORD,E450,2006,12
FORD,E450,2014,12
FORD,E450,2017,12
FORD,E450,2008,12
FORD,E450,2013,12
FORD,E450,2011,12
FORD,E450,2000,12
FORD,E450,1999,12
FORD,E450,2001,13
FORD,E450,2012,14
FORD,E450,2003,16
FORD,E450,2005,23
MERCEDES,E450,2019,23
FORD,ECONOLINE,2005,12
FORD,ECONOLINE,2006,12
FORD,ECONOLINE,2008,12
FORD,ECONOLINE,2013,12
FORD,ECONOLINE,2009,12
FORD,ECONOLINE,2007,12
FORD,ECONOLINE,2011,12
FORD,ECONOLINE,2010,12
FORD,ECONOLINE,2001,13
FORD,ECONOLINE,2002,13
FORD,ECONOLINE,2003,13
FORD,ECONOLINE,2012,14
HYUNDAI,ELANTRA,2018,28
HYUNDAI,ELANTRA,2015,28
HYUNDAI,ELANTRA,2017,28
CHEVROLET,ELDORADO BUS,2006,14
FORD,ENTOURAGE,2013,14
CHEVROLET,EQUINOX,2013,12
CHEVROLET,EQUINOX,2014,15
CHEVROLET,EQUINOX,2020,17
CHEVROLET,EQUINOX,2012,22
CHEVROLET,EQUINOX,2025,22
LEXUS,ES 250,2022,28
LEXUS,ES 300,2024,28
LEXUS,ES 350,2024,28
LEXUS,ES 350,2022,28
CADILLAC,ESCALADE,2018,15.6
CADILLAC,ESCALADE,2020,16
CADILLAC,ESCALADE,2026,16
CADILLAC,ESCALADE,2022,16.7
CADILLAC,ESCALADE,2025,17
CADILLAC,ESCALADE,2024,19
CADILLAC,ESCALADE,2023,19
CADILLAC,ESCALADE,2016,19
CADILLAC,ESCALADE,2019,20
CADILLAC,ESCALADE,2021,20
CADILLAC,ESCALADE ESV,2022,14
CADILLAC,ESCALADE ESV,2015,14.7
CADILLAC,ESCALADE ESV,2019,15.6
CADILLAC,ESCALADE ESV,2023,16
CADILLAC,ESCALADE ESV,2016,16
CADILLAC,ESCALADE ESV,2018,16
CADILLAC,ESCALADE ESV,2017,17
CADILLAC,ESCALADE ESV,2021,18
CADILLAC,ESCALADE ESV,2024,20
CADILLAC,ESCALADE ESV,2025,21
CADILLAC,ESCALADE ESV,2020,21
CADILLAC,ESCALADE ESV,2026,21
CADILLAC,ESCALADE IQL,2026,20
FORD,ESCAPE,2018,12
FORD,ESCAPE,2025,19
FORD,ESCAPE,2011,21
FORD,ESCAPE,2020,21
FORD,ESCAPE,2023,21
FORD,ESCAPE,2019,21
FORD,ESCAPE,2013,21
FORD,ESCAPE,2014,21
FORD,ESCAPE,2012,22
FORD,ESCAPE,2022,22
FORD,ESCAPE,2010,23
FORD,ESCAPE,2008,23
AUDI,E-TRON,2021,96
KIA,EV9 WIND,2024,70
FORD,EXCURSION,2005,12
FORD,EXCURSION,2004,12
PRECISION,EXCURSION,2019,18
FORD,EXPEDITION,2008,13
FORD,EXPEDITION,2020,14
FORD,EXPEDITION,2018,14
FORD,EXPEDITION,2017,14
FORD,EXPEDITION,2016,14
FORD,EXPEDITION,2007,15
FORD,EXPEDITION,2012,16
FORD,EXPEDITION,2024,16
FORD,EXPEDITION,2025,16
FORD,EXPEDITION,2019,16
LINCOLN,EXPEDITION,2022,17
FORD,EXPEDITION,2022,18
FORD,EXPEDITION,2023,19
FORD,EXPEDITION,2021,19
FORD,EXPEDITION MAX ACTIVE,2022,16
FORD,EXPEDITION MAX ACTIVE,2024,16
FORD,EXPEDITION MAX ACTIVE,2023,16
FORD,EXPEDITION MAX ACTIVE,2025,17
FORD,EXPEDITION PLATINUM,2019,16
FORD,EXPEDITION PLATINUM,2022,17
FORD,EXPEDITION PLATINUM,2025,18
FORD,EXPEDITION PLATINUM,2021,18
FORD,EXPEDITION PLATINUM,2024,19
FORD,EXPEDITION PLATINUM,2023,19
FORD,EXPEDITION PLATINUM,2020,21
CADILLAC,EXPEDITION PLATINUM,2024,22.7
FORD,EXPEDITION XLT MAX,2023,11
FORD,EXPEDITION XLT MAX,2021,13
DOUBLE SHUFLE,EXPEDITION XLT MAX,2024,15
FORD,EXPEDITION XLT MAX,2024,16
FORD,EXPEDITION XLT MAX,2025,16
FORD,EXPEDITION XLT MAX,2022,16
FORD,EXPLORER,2021,10
FORD,EXPLORER,2020,14
FORD,EXPLORER,2022,14
FORD,EXPLORER,2002,16
CHEVROLET,EXPRESS,2010,12
CHEVROLET,EXPRESS,2007,12
CHEVROLET,EXPRESS,2006,12
CHEVROLET,EXPRESS,2009,12
CHEVROLET,EXPRESS,2008,12
CHEVROLET,EXPRESS,2004,12
CHEVROLET,EXPRESS,2005,12
CHEVROLET,EXPRESS,2014,13
CHEVROLET,EXPRESS,2018,13
CHEVROLET,EXPRESS,2015,17
JAGUAR,F PACE,2020,22
JAGUAR,F PACE,2021,22
GMC,F150,2006,14
FORD,F150,1997,15
FORD,F150,2024,20
FORD,F350,2020,10
FORD,F350,2012,10
FORD,F350,2014,10
FORD,F350,2000,10
FORD,F350,2006,10
FORD,F350,2008,10
FORD,F350,2007,10
FORD,F350,2025,11
FORD,F450,2011,11
FORD,F450,2014,12
FORD,F450,2013,12
FORD,F450,2009,12
FORD,F450,2022,16
FORD,F53,2008,11
FORD,F53,2011,12
FORD,F53,2005,14
FORD,F53,2006,14
FORD,F53,2004,14
FORD,F53,2007,14
FORD,F53,2016,14
FORD,F53,2014,21
FORD,F550,1999,11
FORD,F550,2007,11
FORD,F550,2013,12
FORD,F550,2014,12
FORD,F550,2017,12
FORD,F550,1996,12
FORD,F550,2016,12
FORD,F550,2003,14
FORD,F550,2015,14
FORD,F550,2012,17
FORD,F550,2011,20
FORD,F550,2001,20
FORD,F650,2016,12
FORD,F650,2007,13
FORD,F650,2008,13
FORD,F650,2012,15
FORD,F650,2013,15
FORD,F650,2014,15
FORD,F650,2009,15
FORD,F650,2006,17
FORD,F650,2011,17
FORD,F650,1994,17
FORD,FOCUS,2014,23
SUBARU,FORESTER,2014,26
FORD,FREESTAR,2006,17
FORD,FREESTAR,2004,18
FORD,FREESTAR,2007,18
IC,FREESTYLE,2015,12
IC,FREESTYLE,2013,12
FORD,FUSION,2016,11
FORD,FUSION,2018,11
FORD,FUSION,2017,11
FORD,FUSION,2012,12
FORD,FUSION,2020,12
FORD,FUSION,2013,19
FORD,FUSION,2015,19
FORD,FUSION,2011,21
FORD,FUSION,2010,21
FORD,FUSION,2014,22
FORD,FUSION,2009,22
FORD,FUSION,2019,22
CHEVROLET,G2500,2013,20
CHEVROLET,G3500,2010,10
CHEVROLET,G3500,2008,13
CHEVROLET,G3500,2009,13
CHEVROLET,G3500,2007,14
POLARIS,GEM E6,2019,60
MERCEDES,GL350,2020,20
MERCEDES,GLC300W4,2022,24
MERCEDES,GLC300W4,2020,24
MERCEDES,GLC300W4,2021,24
MERCEDES,GLE 450,2021,20
MERCEDES,GLE350,2021,20
MERCEDES,GLE350,2022,20
MERCEDES,GLE350,2023,20
MERCEDES,GLE350,2020,20
MERCEDES,GLS 450,2019,18
MERCEDES,GLS 450,2017,18
MERCEDES,GLS 450,2020,20
MERCEDES,GLS 580,2022,17
DODGE,GRAND CARAVAN,2010,17
DODGE,GRAND CARAVAN,2012,19
DODGE,GRAND CARAVAN,2013,20
DODGE,GRAND CARAVAN,2016,20
DODGE,GRAND CARAVAN,2015,20
DODGE,GRAND CARAVAN,2017,20
DODGE,GRAND CARAVAN,2014,20
DODGE,GRAND CARAVAN,2011,20
DODGE,GRAND CARAVAN,2020,20
DODGE,GRAND CARAVAN,2007,20
DODGE,GRAND CARAVAN,2018,20
DODGE,GRAND CARAVAN,2008,20
DODGE,GRAND CARAVAN,2019,20
PONTIAC,GRAND CARAVAN,2010,21
PONTIAC,GRAND CARAVAN,2008,21
DODGE,GRAND CARAVAN,2005,22.5
JEEP,GRAND CHEROKEE,2024,18
MERCURY,GRAND MARQUIS,2010,22
LEXUS,GS350,2020,21
LEXUS,GS350,2019,21
LEXUS,GS350,2018,21
GENISIS,GV80,2025,21
LEXUS,GX460,2021,17
LEXUS,GX460,2023,17
LEXUS,GX460,2022,17
CHEVROLET,HHR,2011,18
TOYOTA,HIGHLANDER,2021,24
TOYOTA,HIGHLANDER,2023,25
TOYOTA,HIGHLANDER,2019,25
TOYOTA,HIGHLANDER,2017,25
TOYOTA,HIGHLANDER,2012,25
TOYOTA,HIGHLANDER,2018,25
TOYOTA,HIGHLANDER,2022,25
TOYOTA,HIGHLANDER,2014,25
TOYOTA,HIGHLANDER,2016,25
TOYOTA,HIGHLANDER,2020,25
TOYOTA,HIGHLANDER,2013,25
TOYOTA,HIGHLANDER,2015,25
HONDA,HR-V,2022,24
CHEVROLET,IMPALA,2009,12
CHEVROLET,IMPALA,2011,12
CHEVROLET,IMPALA,2018,13
CHEVROLET,IMPALA,2013,14
CHEVROLET,IMPALA,2010,15
CHEVROLET,IMPALA,2012,22
SUBARU,IMPREZA,2024,25
HYUNDAI,IONIQ,2019,28
VOLKSWAGEN,JETTA,2024,30
DODGE,JOURNEY,2020,15
DODGE,JOURNEY,2018,20
DODGE,JOURNEY,2012,21
NISSAN,KICKS,2019,36
NISSAN,KICKS,2024,36
TUK TUK,L5 LIMO GT,2018,30
PRECISION,LIMO,2019,18
LEXUS,LS500,2018,19
LEXUS,LS500,2022,19
LEXUS,LS500,2020,19
LEXUS,LX500H,2024,20
CADILLAC,LYRIQ,2025,16
CADILLAC,LYRIQ,2024,20
IC,M LINE SHUTTLE BUS,2015,12
IC,M LINE SHUTTLE BUS,2013,12
IC,M LINE SHUTTLE BUS,2014,12
FORD,MACH-E,2024,26
CHEVROLET,MALIBU,2022,17
CHEVROLET,MALIBU,2014,28
FORD,MDX,2019,20
ACURA,MDX,2020,22
MERCEDES,METRIS,2018,20
MERCEDES,METRIS,2023,20
MERCEDES,METRIS,2021,20
MITSUBISHI,MIRAGE G4 ES,2021,20
LINCOLN,MKC,2018,24
LINCOLN,MKS,2015,17
LINCOLN,MKT,2017,17
LINCOLN,MKT,2019,17
LINCOLN,MKT,2018,17
LINCOLN,MKT,2016,17
LINCOLN,MKT,2014,17
LINCOLN,MKT,2013,17
LINCOLN,MKT,2015,17
LINCOLN,MKX,2017,18
LINCOLN,MKZ,2019,24
LINCOLN,MKZ,2017,24
LINCOLN,MKZ,2020,24
LINCOLN,MKZ,2018,24
LINCOLN,MKZ,2016,24
LINCOLN,MKZ,2014,24
LINCOLN,MKZ,2015,24
NISSAN,ML350,2014,27
TESLA,MODEL Y,2025,125
FORD,MUSTANG MACH-E,2024,26
MOBILITY VENTURE,MV1,2015,14
FORD,MV-1,2014,11
VPG,MV-1,2012,12
VPG,MV-1,2014,12
VPG,MV-1,2016,12
VPG,MV-1,2011,12
MOBILITY VENTURE,MV-1,2014,14
LEYLAND,NAUTILUS,2023,15
LINCOLN,NAUTILUS,2023,20
LINCOLN,NAUTILUS,2025,20
LINCOLN,NAUTILUS,2022,20
LINCOLN,NAUTILUS,2021,20
LINCOLN,NAUTILUS,2024,20
LINCOLN,NAUTILUS,2020,20
LINCOLN,NAUTILUS,2026,20
LINCOLN,NAUTILUS,2019,20
LINCOLN,NAVIGATOR,2008,13
LINCOLN,NAVIGATOR,2007,14
LINCOLN,NAVIGATOR,2017,15
LINCOLN,NAVIGATOR,2016,15
LINCOLN,NAVIGATOR,2013,15
LINCOLN,NAVIGATOR,2015,15
LINCOLN,NAVIGATOR,2014,16
LINCOLN,NAVIGATOR,2021,16
LINCOLN,NAVIGATOR,2024,16
LINCOLN,NAVIGATOR,2022,16
LINCOLN,NAVIGATOR,2025,16
LINCOLN,NAVIGATOR,2019,16
LINCOLN,NAVIGATOR,2020,16
LINCOLN,NAVIGATOR,2018,16
LINCOLN,NAVIGATOR,2023,18
LINCOLN,NAVIGATOR L,2023,16
LINCOLN,NAVIGATOR L,2022,16
LINCOLN,NAVIGATOR L,2025,16
LINCOLN,NAVIGATOR L,2021,16
LINCOLN,NAVIGATOR L,2018,16
LINCOLN,NAVIGATOR L,2020,16
LINCOLN,NAVIGATOR L,2019,16
LINCOLN,NAVIGATOR L,2017,16
LINCOLN,NAVIGATOR L,2024,52
KIA,NIRO,2024,50
KIA,NIRO,2023,50
NISSAN,NV200,2014,24
NISSAN,NV200,2015,24
HONDA,ODYSSEY,2009,19
HONDA,ODYSSEY,2007,19
HONDA,ODYSSEY,2005,19
HONDA,ODYSSEY,2012,19
HONDA,ODYSSEY,2019,19
HONDA,ODYSSEY,2011,19
HONDA,ODYSSEY,2016,19
HONDA,ODYSSEY,2014,19
HONDA,ODYSSEY,2004,19
HONDA,ODYSSEY,2008,19
HONDA,ODYSSEY,2003,19
HONDA,ODYSSEY,2020,19
HONDA,ODYSSEY,2017,19
HONDA,ODYSSEY,2021,19
HONDA,ODYSSEY,2013,22
TURTLE TOP,OLYMPIAN,2008,10
KIA,OPTIMA,2015,24
KIA,OPTIMA,2013,24
SUBARU,OUTBACK,2014,26
MITSUBISHI,OUTLANDER,2018,24
MITSUBISHI,OUTLANDER,2024,24
MITSUBISHI,OUTLANDER,2019,25
MITSUBISHI,OUTLANDER,2020,27
CHRYSLER,PACIFICA,2021,18
CHRYSLER,PACIFICA,2023,22
CHRYSLER,PACIFICA,2022,22
CHRYSLER,PACIFICA,2018,22
CHRYSLER,PACIFICA,2024,22
VOLKSWAGEN,PASSAT,2020,27
NISSAN,PATHFINDER,2014,22
NISSAN,PATHFINDER,2019,22
PRECISION,PP6,2018,14
TOYOTA,PREMIER,2015,28
TOYOTA,PRIUS,2010,28
TOYOTA,PRIUS,2023,30
TOYOTA,PRIUS,2013,50
TOYOTA,PRIUS,2012,50
TOYOTA,PRIUS,2016,50
TOYOTA,PRIUS,2014,50
TOYOTA,PRIUS,2015,50
TOYOTA,PRIUS,2017,54
TOYOTA,PRIUS,2021,58
TOYOTA,PRIUS,2011,58
TOYOTA,PRIUS,2018,58
TOYOTA,PRIUS,2019,58
TOYOTA,PRIUS,2020,58
TOYOTA,PRIUS,2022,58
TOYOTA,PRIUS,2009,58
TOYOTA,PRIUS,2008,58
TOYOTA,PRIUS V,2013,42
TOYOTA,PRIUS V,2014,50
TOYOTA,PRIUS V,2016,50
TOYOTA,PRIUS V,2015,50
TOYOTA,PRIUS V,2017,50
DODGE,PROMASTER,2016,16
AUDI,Q5,2020,23
AUDI,Q5,2023,23
AUDI,Q5,2022,23
AUDI,Q7,2021,22
AUDI,Q7,2019,22
AUDI,Q7,2022,24
AUDI,Q7,2024,24
AUDI,Q7,2025,24
NISSAN,QUEST,2007,17
NISSAN,QUEST,2017,17
NISSAN,QUEST,2015,17
NISSAN,QUEST,2006,27
INFINITI,QX60,2019,11
INFINITI,QX60,2023,12
INFINITI,QX60,2020,12
INFINITI,QX60,2018,19.5
INFINITI,QX60,2024,19.6
INFINITI,QX60,2022,21.3
INFINITI,QX60,2025,24
INFINITI,QX60,2026,24
INFINITI,QX80,2021,11
INFINITI,QX80,2019,11
INFINITI,QX80,2026,11
INFINITI,QX80,2025,17
INFINITI,QX80,2023,17
INFINITI,QX80,2024,17
RIVIAN,R1S,2025,55
LAND ROVER,RANGE ROVER,2021,20
TOYOTA,RAV4,2013,25
TOYOTA,RAV4,2016,25
TOYOTA,RAV4,2002,25
TOYOTA,RAV4,2018,26
TOYOTA,RAV4,2019,26
TOYOTA,RAV4,2012,26
TOYOTA,RAV4,2010,26
TOYOTA,RAV4,2023,27
TOYOTA,RAV4,2020,27
TOYOTA,RAV4,2025,27
TOYOTA,RAV4,2024,27
TOYOTA,RAV4,2014,28
TOYOTA,RAV4,2021,30
TOYOTA,RAV4,2022,30
TOYOTA,RAV4,2017,50
TOYOTA,RAV4,2015,58
JEEP,RENEGADE,2019,21
KIA,RIO,2018,33
NISSAN,ROGUE,2016,27
NISSAN,ROGUE,2015,27
NISSAN,ROGUE,2017,27
NISSAN,ROGUE,2019,27
NISSAN,ROGUE,2020,27
NISSAN,ROGUE,2013,27
NISSAN,ROGUE,2018,27
NISSAN,ROGUE,2012,28
NISSAN,ROGUE,2011,28
NISSAN,ROGUE,2022,28
NISSAN,ROGUE,2014,28
VOLKSWAGEN,ROUTAN,2010,22
VOLKSWAGEN,ROUTAN,2009,22
VOLKSWAGEN,ROUTAN,2012,22
LEXUS,RX350,2022,23
MERCEDES,S,2024,18
TESLA,S,2021,115
TESLA,S,2022,115
MERCEDES,S450,2018,19
MERCEDES,S450,2020,19
MERCEDES,S450,2019,21
MERCEDES,S500,2023,18
MERCEDES,S500,2022,18
INTL,S550,2001,12
FORD,S550,2003,14
MERCEDES,S550,2015,19
MERCEDES,S550,2017,19
MERCEDES,S560,2018,19
MERCEDES,S580,2021,19
MERCEDES,S580,2022,19
CHEVROLET,S600,1991,10
VOLVO,S90,2023,25
VOLVO,S90,2022,26
VOLVO,S90,2021,28
VOLVO,S90,2025,28
VOLVO,S90,2018,28
VOLVO,S90,2024,28
VOLVO,S90,2020,28
VOLVO,S90,2019,28
MERCURY,SABLE,2008,20
HYUNDAI,SANTA FE,2019,25
HYUNDAI,SANTA FE,2024,25
GMC,SAVANA,2016,15
GMC,SAVANA,2006,15
TOYOTA,SCION,2011,28
TOYOTA,SCION,2012,28
TOYOTA,SCION,2014,28
TOYOTA,SCION,2013,28
TOYOTA,SCION,2015,28
TOYOTA,SCION,2008,58
MERCEDES,S-CLASS MAYBACH,2022,17
KIA,SEDONA,2009,18
KIA,SEDONA,2015,18
KIA,SEDONA,2017,19
NISSAN,SENTRA,2016,28
NISSAN,SENTRA,2015,29
NISSAN,SENTRA,2024,29
NISSAN,SENTRA,2019,32
TOYOTA,SIENNA,2016,18
TOYOTA,SIENNA,2023,20
TOYOTA,SIENNA,2014,20
TOYOTA,SIENNA,2004,20
TOYOTA,SIENNA,2005,20
TOYOTA,SIENNA,2020,21
TOYOTA,SIENNA,2018,22
TOYOTA,SIENNA,2019,22
TOYOTA,SIENNA,2015,22
TOYOTA,SIENNA,2022,22
TOYOTA,SIENNA,2025,22
TOYOTA,SIENNA,2024,22
TOYOTA,SIENNA,2021,22
TOYOTA,SIENNA,2012,22
TOYOTA,SIENNA,2017,22
TOYOTA,SIENNA,2009,22
TOYOTA,SIENNA,2011,22
TOYOTA,SIENNA,2013,22
TOYOTA,SIENNA,2008,22
TOYOTA,SIENNA,2006,22
TOYOTA,SIENNA,2010,22
HYUNDAI,SONATA,2012,25
HYUNDAI,SONATA,2013,25
HYUNDAI,SONATA,2015,25
HYUNDAI,SONATA,2014,25
HYUNDAI,SONATA,2017,26
HYUNDAI,SONATA,2016,26
HYUNDAI,SONATA,2018,26
CHEVROLET,SONIC,2015,18
CHEVROLET,SONIC,2017,29
KIA,SORENTO,2014,20
KIA,SORENTO,2019,21
KIA,SORENTO,2022,22
KIA,SOUL,2015,23
KIA,SOUL,2017,24
KIA,SOUL,2018,25
KIA,SOUL,2019,25
KIA,SOUL,2020,26
KIA,SOUL,2016,27
KIA,SOUL,2023,27
KIA,SOUL,2022,27
KIA,SOUL,2025,50
SPEC-CONSTED,SPEC-CONSTD,2010,12
KIA,SPORTAGE LX,2012,21
KIA,SPORTAGE LX,2015,22
KIA,SPORTAGE LX,2021,22
KIA,SPORTAGE LX,2023,23
KIA,SPORTAGE LX,2022,23
FORD,SPRINTER,2016,12
MERCEDES,SPRINTER,2013,14
MERCEDES,SPRINTER,2016,16
DODGE,SPRINTER,2007,17
DODGE,SPRINTER,2008,17
DODGE,SPRINTER,2009,17
DODGE,SPRINTER,2010,17
MERCEDES,SPRINTER,2012,18
MERCEDES,SPRINTER,2014,18
MERCEDES,SPRINTER,2015,18
MERCEDES,SPRINTER,2019,18
MERCEDES,SPRINTER,2017,18
MERCEDES,SPRINTER,2020,18
MERCEDES,SPRINTER,2018,18
MERCEDES,SPRINTER,2011,18
MERCEDES,SPRINTER,2010,18
MERCEDES,SPRINTER,2025,18
MERCEDES,SPRINTER,2022,18
MERCEDES,SPRINTER,2023,18
MERCEDES,SPRINTER,2024,18
FORD,STARCRAFT,2016,12
FORD,STARCRAFT,2014,12
FORD,STARCRAFT,2013,12
IC,STARCRAFT,2014,12
FORD,STARCRAFT,2015,17
CHEVROLET,SUBURBAN,2018,14
CHEVROLET,SUBURBAN,2007,14
CHEVROLET,SUBURBAN,2008,14
CHARLESTON,SUBURBAN,2022,15
CHEVROLET,SUBURBAN,2021,15
CHEVROLET,SUBURBAN,2020,15
CHEVROLET,SUBURBAN,2019,16
CHEVROLET,SUBURBAN,2026,16
CHEVROLET,SUBURBAN,2023,16
CHEVROLET,SUBURBAN,2022,16
CHEVROLET,SUBURBAN,2017,17
CHEVROLET,SUBURBAN,2025,18
CHEVROLET,SUBURBAN,2016,19
CHEVROLET,SUBURBAN,2024,25
FORD,T150,2015,13
FORD,T150,2016,14
FORD,T250,2023,11
FORD,T250,2020,13
FORD,T250,2021,17
CHEVROLET,TAHOE,2005,12
CHEVROLET,TAHOE,2020,13
CHEVROLET,TAHOE,2021,17
CHEVROLET,TAHOE,2022,17
CHEVROLET,TAHOE,2025,17
CHEVROLET,TAHOE,2019,17
CHEVROLET,TAHOE,2024,17
CHEVROLET,TAHOE,2018,18
CHEVROLET,TAHOE,2026,18
CHEVROLET,TAHOE,2023,19
FORD,TAURUS,2015,23
MOVITRON,TENNER,2011,22
TURTLE TOP,TERRA,2006,10
TURTLE TOP,TERRA,2012,12
VOLKSWAGEN,TOUAREG,2008,21
CHRYSLER,TOWN AND COUNTRY,2007,16
CHEVROLET,TOWN AND COUNTRY,2007,19
CHEVROLET,TOWN AND COUNTRY,2006,19
CHRYSLER,TOWN AND COUNTRY,2006,19
CHRYSLER,TOWN AND COUNTRY,2013,20
CHRYSLER,TOWN AND COUNTRY,2012,20
CHRYSLER,TOWN AND COUNTRY,2008,22
CHRYSLER,TOWN AND COUNTRY,2003,22
CHRYSLER,TOWN AND COUNTRY,2004,23
LINCOLN,TOWN CAR,2007,17
FORD,TRANSIT,2023,11
FORD,TRANSIT,2021,11
FORD,TRANSIT,2024,11
FORD,TRANSIT,2022,13
FORD,TRANSIT,2020,13
FORD,TRANSIT,2015,13
FORD,TRANSIT,2019,15
FORD,TRANSIT,2018,15
FORD,TRANSIT,2016,15
FORD,TRANSIT,2017,16
FORD,TRANSIT 250,2024,11
FORD,TRANSIT 250,2023,11
FORD,TRANSIT 250,2025,11
FORD,TRANSIT 350,2023,11
FORD,TRANSIT 350,2020,11
FORD,TRANSIT 350,2024,11
FORD,TRANSIT 350,2025,11
FORD,TRANSIT BUS,2017,11
FORD,TRANSIT BUS,2015,11
FORD,TRANSIT BUS,2006,11
FORD,TRANSIT BUS,2016,11
FORD,TRANSIT BUS,2019,13
FORD,TRANSIT CONNECT,2015,21
FORD,TRANSIT CONNECT,2011,23
FORD,TRANSIT CONNECT,2012,23
FORD,TROLLEY,1997,12
FORD,TROLLEY,2020,12
SPEC-CONSTED,TROLLEY,2014,12
THOMAS,TROLLEY,2005,26
THOMAS,TROLLEY,2000,26
THOMAS,TROLLEY,1998,26
HYUNDAI,TUCSON,2025,28
HYUNDAI,TUCSON,2023,28
LEXUS,TX350,2024,22
LEXUS,TX350,2026,22
LEXUS,TX350,2025,22
LEXUS,TX500,2025,22
CHEVROLET,UPLANDER,2007,15
CHEVROLET,UPLANDER,2008,15
CHEVROLET,UPLANDER,2006,19
CADILLAC,UTILITY,2002,21.7
FORD,VAN,1999,11
FORD,VAN,1997,12
FORD,VAN,2008,12
FORD,VAN,1998,12
FORD,VAN,2009,12
FORD,VAN,2002,12
FORD,VAN,2006,12
CHEVROLET,VAN,2010,13
DODGE,VAN,2016,13
FORD,VAN,2001,13
FORD,VAN,2003,13
CHEVROLET,VAN,2007,14
CHEVROLET,VAN,2005,14
CHEVROLET,VAN,2006,15
DODGE,VAN,2005,16
MERCEDES,VAN,2014,18
DODGE,VAN,1995,20
CHEVROLET,VENTURE,2003,12
CHEVROLET,VENTURE,2000,14
TOYOTA,VENZA,2013,27
TOYOTA,VENZA,2022,28
TOYOTA,VENZA,2021,30
NISSAN,VERSA NOTE SV,2019,33
MARTIN,VIS-A-VIS,1995,10
MARTIN,VIS-A-VIS,2015,12
MARTIN,VIS-A-VIS,2010,12
SCHWARTZ,VIS-A-VIS,2015,12
STUDEBAKER,VIS-A-VIS,1991,12
TROYER,VIS-A-VIS,2015,12
CHEVROLET,VOLT,2012,42
CHRYSLER,VOYAGER,2022,22
CHRYSLER,VOYAGER,2023,23
FORD,WAGON,2008,14
JEEP,WAGONEER,2024,15
JEEP,WAGONEER,2022,15
JEEP,WAGONEER,2023,15
BMW,X,2023,24
TESLA,X,2025,95
TESLA,X,2022,95
TESLA,X,2023,125
TESLA,X,2024,95
BMW,X3,2023,25
BMW,X5,2021,21
BMW,X5,2020,21
BMW,X5,2018,22
BMW,X5,2024,23
BMW,X5,2022,24
BMW,X5,2023,25
BMW,X7,2021,21
BMW,X7,2019,22
BMW,X7,2024,22
BMW,X7,2025,25
BMW,X7,2022,25
SCION,XB,2015,28
TOYOTA,XB,2014,28
TOYOTA,XB,2011,28
TOYOTA,XB,2015,28
VOLVO,XC60,2022,12
VOLVO,XC60,2023,25
VOLVO,XC90,2019,22
VOLVO,XC90,2024,22
VOLVO,XC90,2025,22
VOLVO,XC90,2023,22
VOLVO,XC90,2020,22
VOLVO,XC90,2022,23
VOLVO,XC90,2021,25
CADILLAC,XT5,2020,21
CADILLAC,XT5,2023,24
CADILLAC,XT5,2024,24
CADILLAC,XT6,2020,20.5
CADILLAC,XT6,2023,21
CADILLAC,XT6,2021,21
CADILLAC,XT6,2024,21
CADILLAC,XT6,2022,22
CADILLAC,XT6,2025,23
CADILLAC,XTS,2017,18
CADILLAC,XTS,2024,20
CADILLAC,XTS,2016,21
CADILLAC,XTS,2019,22
CADILLAC,XTS,2018,22
CADILLAC,XTS,2014,24
TESLA,Y,2021,120
TESLA,Y,2020,120
TESLA,Y,2023,125
TESLA,Y,2022,125
TESLA,Y,2025,125
TESLA,Y,2024,125
GMC,YUKON,2024,17
GMC,YUKON,2022,18
GMC,YUKON,2021,18
GMC,YUKON,2020,18
GMC,YUKON,2019,18
GMC,YUKON,2023,18
GMC,YUKON,2018,18
GMC,YUKON,2025,18
GMC,YUKON,2026,18
GMC,YUKON,2016,18
GMC,YUKON,2015,18
GMC,YUKON XL,2026,16
CHEVROLET,YUKON XL,2024,17
GMC,YUKON XL,2020,17
GMC,YUKON XL,2023,17
GMC,YUKON XL,2022,17
GMC,YUKON XL,2024,17
GMC,YUKON XL,2021,17
GMC,YUKON XL,2025,17
GMC,YUKON XL,2018,17
GMC,YUKON XL,2019,18
